user_id,product_id,action,timestamp
u4,p1,add_to_cart,2026-01-21T21:00:00
u8,p3,add_to_cart,2026-02-27T17:00:00
u18,p2,view,2026-01-03T17:00:00
u1,p2,view,2026-02-13T02:00:00
u20,p1,view,2026-02-25T10:00:00
u18,p7,view,2026-02-20T06:00:00
u9,p1,add_to_cart,2026-01-14T14:00:00
u14,p6,view,2026-01-19T08:00:00
u11,p2,view,2026-01-09T06:00:00
u12,p6,add_to_cart,2026-01-04T16:00:00
u15,p9,view,2026-02-02T07:00:00
u3,p9,view,2026-02-23T15:00:00
u20,p6,view,2026-01-06T22:00:00
u2,p4,add_to_cart,2026-01-07T19:00:00
u8,p2,view,2026-02-08T16:00:00
u12,p3,view,2026-01-18T21:00:00
u9,p2,add_to_cart,2026-01-15T14:00:00
u18,p4,view,2026-02-02T09:00:00
u9,p9,view,2026-01-28T16:00:00
u2,p4,add_to_cart,2026-01-27T22:00:00
u13,p5,view,2026-02-18T09:00:00
u11,p4,add_to_cart,2026-02-03T18:00:00
u15,p3,view,2026-01-22T01:00:00
u18,p9,view,2026-02-19T21:00:00
u14,p10,view,2026-01-19T17:00:00
u5,p9,view,2026-01-05T00:00:00
u4,p3,add_to_cart,2026-02-28T01:00:00
u14,p10,view,2026-02-02T13:00:00
u20,p8,view,2026-02-17T05:00:00
u1,p2,add_to_cart,2026-02-15T19:00:00
u9,p6,view,2026-02-07T02:00:00
u6,p8,view,2026-01-23T11:00:00
u17,p3,view,2026-01-10T01:00:00
u10,p9,add_to_cart,2026-01-14T01:00:00
u12,p3,view,2026-02-15T06:00:00
u1,p10,view,2026-01-02T15:00:00
u4,p6,purchase,2026-01-27T05:00:00
u8,p1,view,2026-02-18T09:00:00
u3,p2,add_to_cart,2026-01-06T21:00:00
u18,p3,view,2026-02-10T13:00:00
u18,p3,view,2026-02-21T18:00:00
u14,p4,purchase,2026-02-28T20:00:00
u7,p5,view,2026-02-27T07:00:00
u12,p8,purchase,2026-02-08T12:00:00
u4,p4,view,2026-01-29T20:00:00
u1,p10,view,2026-02-20T05:00:00
u8,p1,view,2026-02-23T20:00:00
u2,p4,view,2026-01-03T16:00:00
u11,p2,view,2026-01-24T18:00:00
u16,p4,view,2026-02-18T17:00:00
u19,p8,view,2026-02-10T08:00:00
u14,p4,view,2026-02-26T05:00:00
u14,p6,view,2026-02-09T20:00:00
u2,p2,view,2026-01-29T22:00:00
u4,p4,view,2026-02-15T18:00:00
u15,p3,view,2026-01-24T18:00:00
u15,p4,purchase,2026-01-07T10:00:00
u15,p9,view,2026-02-25T15:00:00
u18,p1,purchase,2026-01-21T04:00:00
u6,p7,view,2026-01-19T05:00:00
u13,p1,view,2026-01-01T04:00:00
u13,p5,purchase,2026-02-08T19:00:00
u10,p7,add_to_cart,2026-02-17T10:00:00
u16,p3,view,2026-01-19T13:00:00
u2,p10,add_to_cart,2026-01-06T04:00:00
u11,p1,view,2026-02-10T16:00:00
u17,p9,view,2026-02-13T08:00:00
u3,p3,view,2026-01-06T19:00:00
u8,p7,view,2026-02-18T14:00:00
u8,p10,view,2026-02-22T20:00:00
u3,p7,add_to_cart,2026-02-18T05:00:00
u17,p6,purchase,2026-01-18T10:00:00
u11,p4,view,2026-01-12T04:00:00
u10,p8,view,2026-01-07T04:00:00
u1,p8,add_to_cart,2026-02-18T01:00:00
u4,p2,view,2026-02-13T04:00:00
u9,p3,purchase,2026-01-06T20:00:00
u8,p6,view,2026-02-07T09:00:00
u18,p5,add_to_cart,2026-02-25T19:00:00
u17,p1,add_to_cart,2026-02-17T07:00:00
u10,p2,purchase,2026-01-12T11:00:00
u9,p2,purchase,2026-02-17T05:00:00
u5,p5,view,2026-01-18T23:00:00
u11,p4,add_to_cart,2026-01-23T12:00:00
u17,p8,view,2026-01-05T08:00:00
u3,p7,add_to_cart,2026-01-04T18:00:00
u1,p6,add_to_cart,2026-02-24T08:00:00
u9,p3,add_to_cart,2026-02-17T01:00:00
u14,p9,view,2026-01-07T10:00:00
u5,p9,view,2026-02-01T12:00:00
u19,p9,view,2026-01-11T21:00:00
u2,p5,view,2026-01-04T09:00:00
u12,p4,add_to_cart,2026-02-26T21:00:00
u4,p6,add_to_cart,2026-02-04T16:00:00
u20,p3,purchase,2026-01-21T04:00:00
u6,p3,purchase,2026-01-03T02:00:00
u6,p6,add_to_cart,2026-02-05T03:00:00
u8,p5,view,2026-03-01T20:00:00
u4,p7,purchase,2026-02-10T03:00:00
u8,p4,add_to_cart,2026-02-09T06:00:00
u12,p5,add_to_cart,2026-01-20T10:00:00
u8,p1,add_to_cart,2026-02-04T00:00:00
u11,p5,purchase,2026-01-24T19:00:00
u12,p9,view,2026-02-15T18:00:00
u11,p1,view,2026-01-23T06:00:00
u6,p10,purchase,2026-01-23T15:00:00
u2,p2,view,2026-01-30T11:00:00
u11,p7,add_to_cart,2026-02-13T15:00:00
u4,p7,purchase,2026-01-17T05:00:00
u9,p1,add_to_cart,2026-01-01T03:00:00
u17,p9,add_to_cart,2026-02-27T05:00:00
u7,p6,view,2026-02-26T16:00:00
u11,p10,view,2026-01-11T15:00:00
u10,p9,view,2026-02-04T20:00:00
u11,p7,add_to_cart,2026-02-17T07:00:00
u5,p4,view,2026-02-02T08:00:00
u6,p10,view,2026-02-04T15:00:00
u18,p1,view,2026-01-18T22:00:00
u14,p10,add_to_cart,2026-01-28T11:00:00
u15,p8,view,2026-01-19T05:00:00
u17,p8,add_to_cart,2026-01-15T11:00:00
u3,p5,view,2026-02-24T00:00:00
u20,p6,view,2026-01-21T01:00:00
u10,p4,add_to_cart,2026-01-13T13:00:00
u1,p1,view,2026-02-10T13:00:00
u20,p2,view,2026-02-23T17:00:00
u19,p4,add_to_cart,2026-02-02T18:00:00
u16,p7,view,2026-02-25T23:00:00
u1,p2,add_to_cart,2026-01-19T16:00:00
u6,p9,view,2026-02-17T13:00:00
u8,p2,view,2026-02-09T15:00:00
u17,p9,view,2026-02-07T18:00:00
u20,p9,view,2026-02-16T18:00:00
u15,p3,add_to_cart,2026-02-10T12:00:00
u15,p5,add_to_cart,2026-02-24T09:00:00
u9,p9,view,2026-01-21T09:00:00
u9,p8,view,2026-01-25T09:00:00
u8,p5,view,2026-02-16T02:00:00
u3,p3,view,2026-02-02T16:00:00
u5,p4,view,2026-02-04T18:00:00
u11,p9,view,2026-01-06T07:00:00
u7,p7,view,2026-02-19T20:00:00
u1,p10,view,2026-01-01T12:00:00
u12,p5,add_to_cart,2026-02-05T18:00:00
u18,p9,add_to_cart,2026-01-19T19:00:00
u16,p4,view,2026-02-11T10:00:00
u1,p7,view,2026-02-27T22:00:00
u13,p3,add_to_cart,2026-01-11T21:00:00
u20,p9,view,2026-02-03T14:00:00
u19,p10,add_to_cart,2026-01-08T03:00:00
u14,p3,purchase,2026-01-16T12:00:00
u2,p5,view,2026-01-19T01:00:00
u15,p6,view,2026-02-02T08:00:00
u9,p7,view,2026-01-07T23:00:00
u16,p1,add_to_cart,2026-01-05T10:00:00
u12,p4,add_to_cart,2026-02-25T14:00:00
u2,p1,purchase,2026-01-18T00:00:00
u1,p10,view,2026-01-11T18:00:00
u16,p2,view,2026-01-19T14:00:00
u15,p5,add_to_cart,2026-01-15T07:00:00
u20,p10,purchase,2026-01-10T18:00:00
u6,p5,view,2026-01-03T04:00:00
u10,p10,add_to_cart,2026-02-02T00:00:00
u13,p4,view,2026-02-28T22:00:00
u8,p2,add_to_cart,2026-01-26T17:00:00
u20,p2,add_to_cart,2026-02-18T07:00:00
u2,p6,view,2026-02-26T10:00:00
u12,p2,view,2026-01-30T02:00:00
u1,p7,add_to_cart,2026-01-10T00:00:00
u14,p6,add_to_cart,2026-02-09T05:00:00
u5,p7,view,2026-02-14T12:00:00
u9,p10,add_to_cart,2026-02-15T22:00:00
u16,p8,view,2026-02-20T13:00:00
u9,p6,purchase,2026-01-08T09:00:00
u9,p8,view,2026-02-09T15:00:00
u19,p10,add_to_cart,2026-01-29T16:00:00
u1,p8,purchase,2026-01-16T12:00:00
u16,p4,view,2026-01-23T01:00:00
u11,p5,purchase,2026-03-01T20:00:00
u9,p9,view,2026-01-17T07:00:00
u3,p4,add_to_cart,2026-02-11T16:00:00
u18,p4,add_to_cart,2026-02-25T02:00:00
u16,p8,add_to_cart,2026-01-08T22:00:00
u10,p4,view,2026-01-21T18:00:00
u10,p10,view,2026-02-17T05:00:00
u17,p6,view,2026-02-16T23:00:00
u11,p6,add_to_cart,2026-01-24T02:00:00
u10,p5,view,2026-01-17T10:00:00
u11,p2,add_to_cart,2026-02-28T21:00:00
u6,p4,view,2026-02-11T07:00:00
u9,p10,purchase,2026-02-14T18:00:00
u20,p5,purchase,2026-01-17T13:00:00
u10,p4,view,2026-01-26T19:00:00
u1,p9,view,2026-01-04T21:00:00
u2,p9,view,2026-01-11T18:00:00
u16,p2,purchase,2026-02-18T23:00:00
u10,p8,view,2026-01-30T01:00:00
u6,p1,view,2026-02-10T18:00:00
u4,p2,view,2026-01-07T07:00:00
u19,p1,view,2026-02-18T00:00:00
u10,p2,purchase,2026-01-11T02:00:00
u18,p7,add_to_cart,2026-02-22T18:00:00
u8,p9,view,2026-02-07T18:00:00
u10,p10,purchase,2026-01-27T01:00:00
u19,p10,view,2026-01-09T11:00:00
u7,p4,view,2026-01-07T22:00:00
u6,p4,view,2026-01-07T09:00:00
u6,p1,view,2026-02-28T19:00:00
u20,p8,view,2026-01-20T18:00:00
u10,p5,add_to_cart,2026-02-08T17:00:00
u3,p4,purchase,2026-02-23T08:00:00
u19,p4,view,2026-02-16T11:00:00
u8,p3,purchase,2026-01-13T03:00:00
u3,p1,view,2026-01-27T05:00:00
u20,p10,purchase,2026-02-07T11:00:00
u4,p8,add_to_cart,2026-03-01T17:00:00
u13,p5,view,2026-02-12T03:00:00
u15,p2,view,2026-02-06T20:00:00
u11,p10,view,2026-01-08T19:00:00
u8,p10,view,2026-01-02T18:00:00
u9,p10,view,2026-01-15T22:00:00
u16,p9,add_to_cart,2026-01-24T17:00:00
u6,p10,view,2026-02-11T23:00:00
u3,p8,view,2026-01-29T10:00:00
u11,p2,purchase,2026-01-29T03:00:00
u14,p8,view,2026-02-04T04:00:00
u18,p1,view,2026-01-27T20:00:00
u9,p6,view,2026-02-04T11:00:00
u17,p1,add_to_cart,2026-02-16T07:00:00
u15,p7,view,2026-02-14T05:00:00
u12,p10,add_to_cart,2026-02-23T08:00:00
u15,p1,view,2026-02-16T20:00:00
u5,p5,view,2026-03-01T14:00:00
u16,p2,view,2026-02-23T18:00:00
u20,p4,add_to_cart,2026-01-27T12:00:00
u18,p1,view,2026-01-08T22:00:00
u8,p2,view,2026-01-11T00:00:00
u5,p8,purchase,2026-01-25T21:00:00
u17,p5,view,2026-02-11T04:00:00
u16,p4,view,2026-01-13T08:00:00
u13,p4,purchase,2026-02-13T08:00:00
u5,p2,view,2026-02-05T09:00:00
u11,p9,view,2026-01-01T05:00:00
u10,p5,add_to_cart,2026-02-19T11:00:00
u16,p3,view,2026-02-11T07:00:00
u12,p6,view,2026-02-16T08:00:00
u13,p8,purchase,2026-01-17T02:00:00
u8,p10,view,2026-02-05T01:00:00
u2,p6,add_to_cart,2026-02-02T12:00:00
u13,p3,view,2026-01-04T03:00:00
u5,p9,purchase,2026-01-29T07:00:00
u4,p8,view,2026-02-08T23:00:00
u1,p3,view,2026-02-25T20:00:00
u5,p2,view,2026-01-23T14:00:00
u11,p10,add_to_cart,2026-02-25T10:00:00
u3,p6,purchase,2026-02-15T12:00:00
u13,p6,add_to_cart,2026-02-11T15:00:00
u18,p1,add_to_cart,2026-01-21T00:00:00
u10,p4,add_to_cart,2026-02-07T00:00:00
u4,p2,view,2026-03-01T05:00:00
u10,p1,view,2026-01-05T18:00:00
u10,p6,view,2026-01-13T10:00:00
u8,p9,view,2026-02-28T04:00:00
u6,p3,view,2026-02-22T00:00:00
u13,p10,add_to_cart,2026-02-12T11:00:00
u19,p3,view,2026-02-24T10:00:00
u9,p8,view,2026-01-01T19:00:00
u15,p5,add_to_cart,2026-01-14T11:00:00
u3,p8,purchase,2026-02-20T03:00:00
u10,p7,add_to_cart,2026-02-08T23:00:00
u10,p4,purchase,2026-02-11T05:00:00
u4,p4,view,2026-01-31T15:00:00
u19,p5,purchase,2026-01-26T04:00:00
u1,p7,view,2026-02-18T07:00:00
u2,p10,add_to_cart,2026-01-25T10:00:00
u8,p10,add_to_cart,2026-01-19T16:00:00
u7,p10,view,2026-02-26T06:00:00
u5,p2,purchase,2026-02-25T03:00:00
u2,p5,add_to_cart,2026-01-03T20:00:00
u19,p6,add_to_cart,2026-01-08T16:00:00
u10,p6,add_to_cart,2026-01-15T23:00:00
u7,p3,add_to_cart,2026-02-01T05:00:00
u17,p9,purchase,2026-01-15T00:00:00
u9,p8,purchase,2026-01-26T04:00:00
u11,p2,view,2026-01-07T10:00:00
u5,p4,purchase,2026-02-27T13:00:00
u13,p9,view,2026-02-03T16:00:00
u1,p5,view,2026-02-08T19:00:00
u12,p5,view,2026-02-24T11:00:00
u12,p2,add_to_cart,2026-02-10T05:00:00
u1,p10,purchase,2026-02-17T21:00:00
u11,p10,view,2026-01-06T09:00:00
u15,p5,add_to_cart,2026-01-10T22:00:00
u5,p1,purchase,2026-01-26T23:00:00
u16,p2,view,2026-02-15T20:00:00
u5,p7,view,2026-02-27T05:00:00
u18,p7,view,2026-01-14T04:00:00
u14,p2,add_to_cart,2026-02-22T12:00:00
u14,p5,view,2026-02-01T14:00:00
u7,p8,view,2026-01-21T03:00:00
u12,p2,purchase,2026-02-01T08:00:00
u18,p6,view,2026-01-24T13:00:00
u7,p2,purchase,2026-02-08T19:00:00
u3,p4,add_to_cart,2026-02-20T22:00:00
u1,p1,add_to_cart,2026-01-21T18:00:00
u5,p10,view,2026-02-17T07:00:00
u7,p10,view,2026-01-20T21:00:00
u11,p3,add_to_cart,2026-02-20T20:00:00
u1,p5,purchase,2026-01-13T08:00:00
u5,p9,view,2026-01-15T21:00:00
u4,p1,view,2026-01-31T13:00:00
u8,p10,view,2026-01-15T20:00:00
u9,p1,view,2026-02-05T22:00:00
u17,p2,add_to_cart,2026-02-10T15:00:00
u15,p6,view,2026-01-10T07:00:00
u15,p9,view,2026-02-22T11:00:00
u2,p9,view,2026-02-24T21:00:00
u1,p1,purchase,2026-02-04T06:00:00
u14,p2,view,2026-02-07T20:00:00
u3,p2,view,2026-01-13T15:00:00
u3,p3,view,2026-02-24T00:00:00
u19,p9,add_to_cart,2026-02-02T12:00:00
u20,p9,view,2026-02-13T03:00:00
u20,p7,view,2026-03-01T21:00:00
u4,p9,add_to_cart,2026-01-19T08:00:00
u14,p8,purchase,2026-02-05T07:00:00
u11,p8,view,2026-01-09T02:00:00
u11,p7,view,2026-01-22T18:00:00
u12,p3,add_to_cart,2026-02-10T11:00:00
u3,p2,add_to_cart,2026-01-08T22:00:00
u14,p2,add_to_cart,2026-02-01T19:00:00
u5,p9,view,2026-02-17T22:00:00
u18,p6,add_to_cart,2026-02-05T01:00:00
u12,p7,purchase,2026-01-05T09:00:00
u10,p10,view,2026-01-09T20:00:00
u19,p9,view,2026-02-26T00:00:00
u16,p4,add_to_cart,2026-01-30T21:00:00
u18,p6,view,2026-01-24T18:00:00
u19,p4,add_to_cart,2026-02-17T20:00:00
u20,p10,add_to_cart,2026-02-17T12:00:00
u1,p10,purchase,2026-03-01T04:00:00
u9,p1,view,2026-03-01T23:00:00
u10,p6,view,2026-01-16T11:00:00
u5,p10,add_to_cart,2026-01-06T22:00:00
u5,p1,view,2026-02-15T06:00:00
u7,p7,view,2026-01-30T02:00:00
u6,p6,view,2026-01-28T16:00:00
u19,p10,view,2026-01-05T11:00:00
u5,p3,add_to_cart,2026-01-05T05:00:00
u3,p5,view,2026-02-06T04:00:00
u16,p10,view,2026-01-24T07:00:00
u7,p9,view,2026-02-06T16:00:00
u4,p5,add_to_cart,2026-02-20T14:00:00
u16,p9,add_to_cart,2026-01-04T21:00:00
u8,p7,purchase,2026-01-05T16:00:00
u1,p4,view,2026-01-19T00:00:00
u5,p5,view,2026-01-11T05:00:00
u1,p8,add_to_cart,2026-01-15T23:00:00
u5,p7,view,2026-01-20T15:00:00
u17,p9,add_to_cart,2026-01-31T05:00:00
u3,p7,purchase,2026-01-04T14:00:00
u14,p1,view,2026-01-07T15:00:00
u11,p10,view,2026-02-04T12:00:00
u14,p5,view,2026-01-02T18:00:00
u11,p3,add_to_cart,2026-02-22T17:00:00
u15,p6,view,2026-01-10T00:00:00
u8,p7,view,2026-02-14T17:00:00
u3,p7,purchase,2026-01-29T23:00:00
u8,p6,add_to_cart,2026-01-07T12:00:00
u17,p2,view,2026-01-17T13:00:00
u12,p6,add_to_cart,2026-02-25T01:00:00
u5,p4,view,2026-01-22T20:00:00
u7,p3,add_to_cart,2026-02-25T22:00:00
u3,p3,purchase,2026-02-23T14:00:00
u16,p8,add_to_cart,2026-02-19T10:00:00
u15,p10,add_to_cart,2026-02-23T07:00:00
u11,p6,view,2026-01-06T19:00:00
u16,p8,add_to_cart,2026-01-24T10:00:00
u19,p1,view,2026-01-07T07:00:00
u10,p8,view,2026-01-05T20:00:00
u12,p5,view,2026-01-08T16:00:00
u20,p10,view,2026-02-09T11:00:00
u19,p9,purchase,2026-01-04T12:00:00
u15,p10,add_to_cart,2026-01-28T10:00:00
u20,p8,view,2026-01-06T06:00:00
u15,p2,add_to_cart,2026-01-30T07:00:00
u3,p9,add_to_cart,2026-01-04T08:00:00
u8,p8,purchase,2026-02-14T17:00:00
u17,p10,view,2026-02-01T19:00:00
u10,p7,view,2026-01-29T20:00:00
u20,p1,add_to_cart,2026-02-25T05:00:00
u11,p2,view,2026-02-17T14:00:00
u13,p5,view,2026-02-26T00:00:00
u20,p3,view,2026-02-19T17:00:00
u5,p6,view,2026-02-25T23:00:00
u13,p3,view,2026-01-08T05:00:00
u10,p9,view,2026-01-29T00:00:00
u5,p9,view,2026-02-27T05:00:00
u14,p9,view,2026-01-31T22:00:00
u10,p3,purchase,2026-01-30T03:00:00
u16,p4,view,2026-01-12T17:00:00
u5,p2,view,2026-01-09T15:00:00
u17,p9,add_to_cart,2026-02-14T22:00:00
u2,p6,purchase,2026-02-22T17:00:00
u5,p10,view,2026-01-14T20:00:00
u6,p10,add_to_cart,2026-01-15T03:00:00
u15,p1,view,2026-02-27T17:00:00
u8,p8,add_to_cart,2026-02-08T07:00:00
u8,p9,view,2026-02-10T00:00:00
u7,p6,add_to_cart,2026-02-18T16:00:00
u15,p8,add_to_cart,2026-02-02T14:00:00
u17,p9,view,2026-01-14T19:00:00
u7,p10,view,2026-01-22T08:00:00
u2,p8,purchase,2026-02-17T07:00:00
u4,p9,purchase,2026-01-25T07:00:00
u3,p3,view,2026-02-13T19:00:00
u5,p7,view,2026-01-19T22:00:00
u15,p6,purchase,2026-02-05T09:00:00
u2,p7,view,2026-01-21T02:00:00
u13,p2,view,2026-01-03T09:00:00
u11,p2,add_to_cart,2026-02-25T11:00:00
u11,p3,view,2026-01-25T11:00:00
u16,p3,add_to_cart,2026-02-10T00:00:00
u15,p10,view,2026-01-07T18:00:00
u1,p5,view,2026-01-13T18:00:00
u18,p10,view,2026-01-10T11:00:00
u10,p4,view,2026-01-05T01:00:00
u8,p7,add_to_cart,2026-02-23T03:00:00
u15,p2,view,2026-02-12T15:00:00
u20,p9,view,2026-02-13T23:00:00
u19,p4,add_to_cart,2026-01-25T20:00:00
u14,p1,add_to_cart,2026-01-21T12:00:00
u19,p7,view,2026-02-27T00:00:00
u3,p9,purchase,2026-01-06T18:00:00
u17,p9,view,2026-02-13T07:00:00
u18,p1,view,2026-02-10T02:00:00
u2,p7,purchase,2026-01-22T15:00:00
u1,p6,add_to_cart,2026-01-30T10:00:00
u8,p2,add_to_cart,2026-01-29T08:00:00
u5,p1,view,2026-01-29T21:00:00
u6,p8,purchase,2026-02-10T20:00:00
u6,p3,view,2026-02-09T01:00:00
u2,p5,view,2026-01-18T00:00:00
u2,p6,purchase,2026-02-13T23:00:00
u13,p9,view,2026-01-04T02:00:00
u7,p5,view,2026-01-05T01:00:00
u11,p5,view,2026-02-01T09:00:00
u14,p7,add_to_cart,2026-02-02T23:00:00
u11,p3,view,2026-02-12T10:00:00
u12,p9,view,2026-01-08T01:00:00
u14,p2,view,2026-01-16T09:00:00
u18,p5,view,2026-01-07T19:00:00
u11,p5,view,2026-02-21T10:00:00
u14,p3,add_to_cart,2026-01-30T23:00:00
u15,p1,add_to_cart,2026-01-31T02:00:00
u20,p7,view,2026-01-05T21:00:00
u3,p7,view,2026-02-27T23:00:00
u6,p1,view,2026-02-21T20:00:00
u15,p1,view,2026-01-21T03:00:00
u12,p6,view,2026-02-18T09:00:00
u2,p10,view,2026-02-08T09:00:00
u12,p6,view,2026-01-07T13:00:00
u19,p3,view,2026-02-03T23:00:00
u11,p5,view,2026-01-10T16:00:00
u1,p3,view,2026-02-03T00:00:00
u18,p2,view,2026-01-23T05:00:00
u15,p4,purchase,2026-01-25T08:00:00
u16,p4,view,2026-01-07T07:00:00
u15,p3,purchase,2026-02-07T23:00:00
u3,p6,add_to_cart,2026-01-06T12:00:00
u18,p9,view,2026-01-26T14:00:00
u6,p3,add_to_cart,2026-02-13T09:00:00
u8,p2,purchase,2026-01-12T20:00:00
u8,p8,view,2026-02-17T06:00:00
u19,p6,view,2026-02-17T01:00:00
u5,p10,purchase,2026-01-06T14:00:00
u10,p7,purchase,2026-02-10T20:00:00
u17,p7,add_to_cart,2026-02-19T01:00:00
u3,p3,purchase,2026-02-24T19:00:00
u3,p8,view,2026-02-14T03:00:00
u12,p3,purchase,2026-02-17T01:00:00
u19,p3,add_to_cart,2026-01-12T00:00:00
u14,p9,purchase,2026-01-05T17:00:00
u4,p9,view,2026-01-15T01:00:00
u6,p6,purchase,2026-01-20T05:00:00
u12,p9,purchase,2026-01-07T17:00:00
u9,p4,add_to_cart,2026-02-17T00:00:00
u9,p3,add_to_cart,2026-02-22T10:00:00
u18,p2,view,2026-01-15T09:00:00
u19,p10,view,2026-02-26T05:00:00
u20,p10,view,2026-02-18T02:00:00
u2,p1,view,2026-02-24T17:00:00
u19,p5,add_to_cart,2026-02-18T19:00:00
u14,p10,add_to_cart,2026-02-12T11:00:00
u18,p5,add_to_cart,2026-01-26T18:00:00
u16,p4,add_to_cart,2026-02-28T10:00:00
u13,p5,view,2026-02-28T18:00:00
u2,p3,view,2026-02-11T07:00:00
u15,p4,view,2026-01-13T06:00:00
u11,p6,add_to_cart,2026-01-30T11:00:00
