product_id,name,description
0,SAMSUNG 55 Inch UHD 4K Smart TV With Receiver,electronics electronics device gadget
1,Redmi 13C Dual SIM with 6GB RAM,mobiles mobile phone smartphone
2,Dell Laptop Latitude 5530 Core i7-1255U 8GB SSD,electronics electronics device gadget
3,Canon EOS RP Mirrorless Camera,electronics electronics device gadget
4,OPPO A18 128GB 4GB Glowing Black,mobiles mobile phone smartphone
5,Samsung 27-Inch G55C Odyssey QHD 4k,electronics electronics device gadget
6,"Infinix Smart (Galaxy White, 4GB RAM, 64GB Storage)",mobiles mobile phone smartphone
7,HP Victus Gaming Laptop 8RAM SSD,electronics electronics device gadget
8,Xiaomi Redmi 13C Dual SIM 8GB,mobiles mobile phone smartphone
9,Handheld Barcode Scanner 1D/2D/QR Code,electronics electronics device gadget
10,Large Venue building mapping Projector,electronics electronics device gadget
11,"Infinix Hot 40i (RAM: 4+4GB, 128GB)",mobiles mobile phone smartphone
12,"HP DeskJet 2710 Printer, All-in-One",electronics electronics device gadget
13,Fuzzy Logic Rice Cooker DIGITAL-JAR 1.8L 940W – HD4515/67,appliances home appliance kitchen household
14,Sencor STS 5070SS Electric Toaster for Four Slices,appliances home appliance kitchen household
15,Infinix Smart 6 Plus (Miracle Black),mobiles mobile phone smartphone
16,"Washing Machine 959 Series 8kg Senator Aqua SX, Silver",appliances home appliance kitchen household
17,HIKVISION PTZ Camera 4K Outdoo,electronics electronics device gadget
18,OPPO Reno11 5G 256GB 12GB,mobiles mobile phone smartphone
19,VIVAX kettle WH-175L with a capacity of 1.7 ,appliances home appliance kitchen household
20,Kenstar Ester ABS Plastic 750W Mixer Grinder,appliances home appliance kitchen household
21,Multifunctional Food Processor,appliances home appliance kitchen household
22,Zanussi Washing Machine 8 Kg 1200 RPM ,appliances home appliance kitchen household
23,Sharp 42 Lt Electronic Oven Convection,appliances home appliance kitchen household
24,Lenovo Monitor Legion R27fc-30 Gaming Curved,electronics electronics device gadget
