review_id,product_id,user_id,review_text,rating,timestamp
r1,0,u4,Excellent quality and works perfectly. Highly recommend it!,5,2026-01-03T03:00:00
r2,0,u9,"Great performance for the price, very happy with this purchase.",5,2026-01-21T21:00:00
r3,0,u8,Terrible. It stopped working after two weeks and support was useless.,1,2026-01-12T21:00:00
r4,0,u4,"Good overall, but setup was confusing and the manual is poor.",3,2026-02-27T17:00:00
r5,1,u18,"Fantastic phone, the battery lasts all day and the screen is great. Love it!",5,2026-01-08T10:00:00
r6,1,u19,"Fast, smooth and the camera is surprisingly good for the price.",4,2026-02-06T00:00:00
r7,1,u2,"Decent phone, but the camera is average and it heats up sometimes.",3,2026-01-03T13:00:00
r8,2,u3,Terrible. It stopped working after two weeks and support was useless.,1,2026-01-19T15:00:00
r9,2,u8,Awful. It arrived damaged and the screen flickers. Do not buy.,1,2026-02-13T02:00:00
r10,2,u20,"Good overall, but setup was confusing and the manual is poor.",3,2026-01-03T06:00:00
r11,2,u18,Excellent quality and works perfectly. Highly recommend it!,5,2026-01-17T23:00:00
r12,3,u18,Terrible. It stopped working after two weeks and support was useless.,1,2026-02-05T19:00:00
r13,3,u8,Awful. It arrived damaged and the screen flickers. Do not buy.,1,2026-02-08T07:00:00
r14,4,u19,"Fantastic phone, the battery lasts all day and the screen is great. Love it!",5,2026-01-24T17:00:00
r15,4,u1,"Fast, smooth and the camera is surprisingly good for the price.",4,2026-01-14T14:00:00
r16,4,u14,Awful experience. The phone freezes constantly and the battery drains fast.,1,2026-01-30T00:00:00
r17,4,u9,"Decent phone, but the camera is average and it heats up sometimes.",3,2026-01-14T06:00:00
r18,5,u7,Excellent quality and works perfectly. Highly recommend it!,5,2026-01-29T17:00:00
r19,5,u4,"Great performance for the price, very happy with this purchase.",5,2026-01-08T21:00:00
r20,5,u13,"Good overall, but setup was confusing and the manual is poor.",3,2026-01-09T06:00:00
r21,6,u12,Awful experience. The phone freezes constantly and the battery drains fast.,1,2026-01-30T08:00:00
r22,6,u20,Horrible. The screen cracked easily and the phone keeps restarting.,1,2026-01-23T13:00:00
r23,6,u2,"Decent phone, but the camera is average and it heats up sometimes.",3,2026-02-09T04:00:00
r24,6,u18,"Fantastic phone, the battery lasts all day and the screen is great. Love it!",5,2026-01-11T15:00:00
r25,7,u13,Terrible. It stopped working after two weeks and support was useless.,1,2026-01-07T17:00:00
r26,7,u18,Awful. It arrived damaged and the screen flickers. Do not buy.,1,2026-01-26T00:00:00
r27,8,u20,"Fantastic phone, the battery lasts all day and the screen is great. Love it!",5,2026-01-31T20:00:00
r28,8,u19,"Fast, smooth and the camera is surprisingly good for the price.",4,2026-01-17T09:00:00
r29,8,u3,Awful experience. The phone freezes constantly and the battery drains fast.,1,2026-01-04T21:00:00
r30,8,u8,"Decent phone, but the camera is average and it heats up sometimes.",3,2026-01-25T16:00:00
r31,9,u3,Excellent quality and works perfectly. Highly recommend it!,5,2026-01-20T20:00:00
r32,9,u4,"Great performance for the price, very happy with this purchase.",5,2026-02-02T10:00:00
r33,9,u9,"Good overall, but setup was confusing and the manual is poor.",3,2026-02-08T16:00:00
r34,10,u12,Terrible. It stopped working after two weeks and support was useless.,1,2026-01-14T21:00:00
r35,10,u12,Awful. It arrived damaged and the screen flickers. Do not buy.,1,2026-01-31T07:00:00
r36,10,u7,"Good overall, but setup was confusing and the manual is poor.",3,2026-02-27T04:00:00
r37,10,u9,Excellent quality and works perfectly. Highly recommend it!,5,2026-03-01T21:00:00
r38,11,u3,Awful experience. The phone freezes constantly and the battery drains fast.,1,2026-02-21T23:00:00
r39,11,u6,Horrible. The screen cracked easily and the phone keeps restarting.,1,2026-02-15T13:00:00
r40,12,u8,Excellent quality and works perfectly. Highly recommend it!,5,2026-01-14T22:00:00
r41,12,u15,"Great performance for the price, very happy with this purchase.",5,2026-02-02T09:00:00
r42,12,u9,Terrible. It stopped working after two weeks and support was useless.,1,2026-02-24T14:00:00
r43,12,u18,"Good overall, but setup was confusing and the manual is poor.",3,2026-01-19T17:00:00
r44,13,u11,Works perfectly and makes my kitchen work so much easier. Great buy!,5,2026-01-05T18:00:00
r45,13,u8,"Sturdy, easy to clean and very efficient. Excellent value.",5,2026-01-03T17:00:00
r46,13,u11,"Does the job, but it is bulky and the instructions are unclear.",3,2026-02-04T05:00:00
r47,14,u9,Broke after a month and it is very noisy. Terrible quality.,1,2026-01-06T15:00:00
r48,14,u7,"Awful. It leaks, smells burnt and stopped working. Waste of money.",1,2026-02-18T09:00:00
r49,14,u11,"Does the job, but it is bulky and the instructions are unclear.",3,2026-01-19T03:00:00
r50,14,u16,Works perfectly and makes my kitchen work so much easier. Great buy!,5,2026-02-03T18:00:00
r51,15,u15,Awful experience. The phone freezes constantly and the battery drains fast.,1,2026-01-13T04:00:00
r52,15,u9,Horrible. The screen cracked easily and the phone keeps restarting.,1,2026-01-12T21:00:00
r53,16,u8,Works perfectly and makes my kitchen work so much easier. Great buy!,5,2026-02-17T21:00:00
r54,16,u18,"Sturdy, easy to clean and very efficient. Excellent value.",5,2026-01-23T10:00:00
r55,16,u19,Broke after a month and it is very noisy. Terrible quality.,1,2026-02-06T13:00:00
r56,16,u19,"Does the job, but it is bulky and the instructions are unclear.",3,2026-02-04T01:00:00
r57,17,u12,Excellent quality and works perfectly. Highly recommend it!,5,2026-01-19T17:00:00
r58,17,u5,"Great performance for the price, very happy with this purchase.",5,2026-02-13T11:00:00
r59,17,u16,"Good overall, but setup was confusing and the manual is poor.",3,2026-01-08T18:00:00
r60,18,u2,Awful experience. The phone freezes constantly and the battery drains fast.,1,2026-01-10T08:00:00
r61,18,u5,Horrible. The screen cracked easily and the phone keeps restarting.,1,2026-02-23T13:00:00
r62,18,u6,"Decent phone, but the camera is average and it heats up sometimes.",3,2026-02-28T01:00:00
r63,18,u14,"Fantastic phone, the battery lasts all day and the screen is great. Love it!",5,2026-02-20T21:00:00
r64,19,u3,Broke after a month and it is very noisy. Terrible quality.,1,2026-02-02T20:00:00
r65,19,u13,"Awful. It leaks, smells burnt and stopped working. Waste of money.",1,2026-02-20T20:00:00
r66,20,u15,Works perfectly and makes my kitchen work so much easier. Great buy!,5,2026-02-15T03:00:00
r67,20,u9,"Sturdy, easy to clean and very efficient. Excellent value.",5,2026-02-17T05:00:00
r68,20,u1,Broke after a month and it is very noisy. Terrible quality.,1,2026-02-28T01:00:00
r69,20,u4,"Does the job, but it is bulky and the instructions are unclear.",3,2026-02-28T04:00:00
r70,21,u18,Works perfectly and makes my kitchen work so much easier. Great buy!,5,2026-01-23T18:00:00
r71,21,u11,"Sturdy, easy to clean and very efficient. Excellent value.",5,2026-01-10T12:00:00
r72,21,u10,"Does the job, but it is bulky and the instructions are unclear.",3,2026-02-07T02:00:00
r73,22,u6,Broke after a month and it is very noisy. Terrible quality.,1,2026-02-08T17:00:00
r74,22,u1,"Awful. It leaks, smells burnt and stopped working. Waste of money.",1,2026-01-23T11:00:00
r75,22,u17,"Does the job, but it is bulky and the instructions are unclear.",3,2026-01-16T05:00:00
r76,22,u17,Works perfectly and makes my kitchen work so much easier. Great buy!,5,2026-01-10T01:00:00
r77,23,u10,Broke after a month and it is very noisy. Terrible quality.,1,2026-02-24T12:00:00
r78,23,u17,"Awful. It leaks, smells burnt and stopped working. Waste of money.",1,2026-02-21T23:00:00
r79,24,u7,Excellent quality and works perfectly. Highly recommend it!,5,2026-01-14T01:00:00
r80,24,u12,"Great performance for the price, very happy with this purchase.",5,2026-01-14T18:00:00
r81,24,u18,Terrible. It stopped working after two weeks and support was useless.,1,2026-02-15T06:00:00
r82,24,u1,"Good overall, but setup was confusing and the manual is poor.",3,2026-02-21T02:00:00
